window,is_range,oos_range,opt_sma_fast,opt_sma_slow,opt_rsi_trigger,is_return_pct,is_cagr_pct,is_sharpe,oos_return_pct,oos_cagr_pct,oos_sharpe,oos_max_dd_pct,oos_trades_count
1,2018-01-02 to 2020-01-01,2020-01-02 to 2020-07-01,25,50,50,15.252931854916488,7.382089258337787,1.4951026585824816,5.389537747764509,11.174285415650376,3.1456356908221514,0.0,1
2,2018-07-02 to 2020-07-01,2020-07-02 to 2021-01-01,25,50,50,17.992514340563822,8.630514275200207,1.8431081803305063,-4.24148363785223,-8.330356721330933,-1.6921292251584115,4.24148363785223,1
3,2019-01-02 to 2021-01-01,2021-01-02 to 2021-07-01,20,50,60,10.142165123570244,4.9590682849434575,1.338660690113489,-0.593760462680657,-1.214571759842542,-0.4206231105623157,2.1565938843513286,2
4,2019-07-02 to 2021-07-01,2021-07-02 to 2022-01-01,20,60,60,0.6233704762662674,0.3114144907203409,0.9560379388296687,-1.820497518254662,-3.6200155250344923,-1.2491819100338133,2.33303541343371,1
5,2020-01-02 to 2022-01-01,2022-01-02 to 2022-07-01,15,60,55,14.387335565022541,6.966806875861287,1.6372468976379717,-2.138165675132841,-4.314414560136015,-0.9275758969688487,4.022882003767062,1
6,2020-07-02 to 2022-07-01,2022-07-02 to 2023-01-01,15,50,60,5.620318104036793,2.7775278305203654,1.1656542887024273,0.0,0.0,0.0,0.0,0
7,2021-01-02 to 2023-01-01,2023-01-02 to 2023-07-01,15,50,50,14.426690801801495,7.02510669285199,1.414364872654885,0.0,0.0,0.0,0.0,0
8,2021-07-02 to 2023-07-01,2023-07-02 to 2024-01-01,15,50,50,10.606160433298879,5.187668448763771,1.0924441326468397,4.99920512225086,10.466378209078165,1.829130151234578,1.2488482026095997,1
9,2022-01-02 to 2024-01-01,2024-01-02 to 2024-07-01,15,45,60,10.633663060466176,5.222863183013193,1.2350205560798229,4.133879298674132,8.517548523778062,2.3360910692222174,0.6573347546543006,1
